-- phpMyAdmin SQL Dump
-- version 4.1.14
-- http://www.phpmyadmin.net
--
-- Host: 127.0.0.1
-- Generation Time: Jun 07, 2014 at 09:06 PM
-- Server version: 5.6.17
-- PHP Version: 5.5.12

SET SQL_MODE = "NO_AUTO_VALUE_ON_ZERO";
SET time_zone = "+00:00";


/*!40101 SET @OLD_CHARACTER_SET_CLIENT=@@CHARACTER_SET_CLIENT */;
/*!40101 SET @OLD_CHARACTER_SET_RESULTS=@@CHARACTER_SET_RESULTS */;
/*!40101 SET @OLD_COLLATION_CONNECTION=@@COLLATION_CONNECTION */;
/*!40101 SET NAMES utf8 */;

--
-- Database: `yabad`
--

-- --------------------------------------------------------

--
-- Table structure for table `category`
--

CREATE TABLE IF NOT EXISTS `category` (
  `id` int(11) NOT NULL AUTO_INCREMENT,
  `title` text COLLATE utf8_unicode_ci NOT NULL,
  `created` datetime NOT NULL,
  `modified` datetime NOT NULL,
  `user` int(11) NOT NULL,
  `status` text COLLATE utf8_unicode_ci NOT NULL,
  PRIMARY KEY (`id`)
) ENGINE=InnoDB  DEFAULT CHARSET=utf8 COLLATE=utf8_unicode_ci AUTO_INCREMENT=13 ;

--
-- Dumping data for table `category`
--

INSERT INTO `category` (`id`, `title`, `created`, `modified`, `user`, `status`) VALUES
(1, 'فلسطيني', '0000-00-00 00:00:00', '0000-00-00 00:00:00', 0, ''),
(2, 'عربي  و دولي', '0000-00-00 00:00:00', '0000-00-00 00:00:00', 0, ''),
(3, 'رياضة', '0000-00-00 00:00:00', '0000-00-00 00:00:00', 0, ''),
(4, 'اقتصاد', '0000-00-00 00:00:00', '0000-00-00 00:00:00', 0, ''),
(5, 'علوم وتكنولوجيا', '0000-00-00 00:00:00', '0000-00-00 00:00:00', 0, ''),
(6, 'فن و ثقافة', '0000-00-00 00:00:00', '0000-00-00 00:00:00', 0, ''),
(7, 'الصحة والبيئة', '0000-00-00 00:00:00', '0000-00-00 00:00:00', 0, ''),
(8, 'منوعات', '0000-00-00 00:00:00', '0000-00-00 00:00:00', 0, ''),
(9, 'أقلام وآراء', '0000-00-00 00:00:00', '0000-00-00 00:00:00', 0, ''),
(10, 'عين على يعبد', '0000-00-00 00:00:00', '0000-00-00 00:00:00', 0, ''),
(11, 'الصحافة العبرية', '0000-00-00 00:00:00', '0000-00-00 00:00:00', 0, ''),
(12, 'الأكثر قرائة', '0000-00-00 00:00:00', '0000-00-00 00:00:00', 0, '');

-- --------------------------------------------------------

--
-- Table structure for table `ci_sessions`
--

CREATE TABLE IF NOT EXISTS `ci_sessions` (
  `session_id` varchar(40) COLLATE utf8_unicode_ci NOT NULL DEFAULT '0',
  `ip_address` varchar(45) COLLATE utf8_unicode_ci NOT NULL DEFAULT '0',
  `user_agent` varchar(120) COLLATE utf8_unicode_ci NOT NULL,
  `last_activity` int(10) unsigned NOT NULL DEFAULT '0',
  `user_data` text COLLATE utf8_unicode_ci NOT NULL,
  PRIMARY KEY (`session_id`),
  KEY `last_activity_idx` (`last_activity`)
) ENGINE=InnoDB DEFAULT CHARSET=utf8 COLLATE=utf8_unicode_ci;

--
-- Dumping data for table `ci_sessions`
--

INSERT INTO `ci_sessions` (`session_id`, `ip_address`, `user_agent`, `last_activity`, `user_data`) VALUES
('2ef111f4d9288a616e6c20f467e7ba47', '127.0.0.1', 'Mozilla/5.0 (Windows NT 6.1) AppleWebKit/537.36 (KHTML, like Gecko) Chrome/32.0.1700.41 Safari/537.36', 1401735608, ''),
('4b8a3abf60993e846b7b6bd09ee3fb15', '127.0.0.1', 'Mozilla/5.0 (Windows NT 6.1) AppleWebKit/537.36 (KHTML, like Gecko) Chrome/32.0.1700.41 Safari/537.36', 1401735607, 'a:2:{s:9:"user_data";s:0:"";s:2:"id";s:1:"3";}'),
('925fab4624e9d6333dd4e1c4def805e5', '127.0.0.1', 'Mozilla/5.0 (Windows NT 6.1) AppleWebKit/537.36 (KHTML, like Gecko) Chrome/32.0.1700.41 Safari/537.36', 1401743105, 'a:5:{s:9:"user_data";s:0:"";s:2:"id";s:1:"1";s:8:"username";s:4:"emad";s:9:"validated";b:1;s:13:"flash:new:msg";s:23:"Record Saved Succefully";}'),
('b59112363cb004bf58f28ee8d483f980', '127.0.0.1', 'Mozilla/5.0 (Windows NT 6.1) AppleWebKit/537.36 (KHTML, like Gecko) Chrome/32.0.1700.41 Safari/537.36', 1401735605, ''),
('cbb657fb2d1d28a3bee75296360386a5', '127.0.0.1', 'Mozilla/5.0 (Windows NT 6.1) AppleWebKit/537.36 (KHTML, like Gecko) Chrome/32.0.1700.41 Safari/537.36', 1401735607, ''),
('e2d3c27fc0a11e38af0a8a0b4bd41230', '127.0.0.1', 'Mozilla/5.0 (Windows NT 6.1) AppleWebKit/537.36 (KHTML, like Gecko) Chrome/32.0.1700.41 Safari/537.36', 1401737900, 'a:2:{s:9:"user_data";s:0:"";s:2:"id";s:1:"3";}');

-- --------------------------------------------------------

--
-- Table structure for table `media`
--

CREATE TABLE IF NOT EXISTS `media` (
  `id` int(11) NOT NULL,
  `news_id` int(11) NOT NULL,
  `path` text COLLATE utf8_unicode_ci NOT NULL,
  `type` int(11) NOT NULL,
  `created` datetime NOT NULL,
  `modified` datetime NOT NULL,
  `user` int(11) NOT NULL,
  `status` text COLLATE utf8_unicode_ci NOT NULL
) ENGINE=InnoDB DEFAULT CHARSET=utf8 COLLATE=utf8_unicode_ci;

--
-- Dumping data for table `media`
--

INSERT INTO `media` (`id`, `news_id`, `path`, `type`, `created`, `modified`, `user`, `status`) VALUES
(0, 121, '1401971697.5.jpg', 1, '0000-00-00 00:00:00', '0000-00-00 00:00:00', 0, ''),
(0, 121, '1401971697.4.jpg', 1, '0000-00-00 00:00:00', '0000-00-00 00:00:00', 0, ''),
(0, 121, '1401971697.3.jpg', 1, '0000-00-00 00:00:00', '0000-00-00 00:00:00', 0, ''),
(0, 121, '1401971697.2.jpg', 1, '0000-00-00 00:00:00', '0000-00-00 00:00:00', 0, ''),
(0, 121, '1401971707.2.jpg', 1, '0000-00-00 00:00:00', '0000-00-00 00:00:00', 0, ''),
(0, 122, '1402000919.hp630b.jpg', 1, '0000-00-00 00:00:00', '0000-00-00 00:00:00', 0, ''),
(0, 122, '1402000920.alienheadgreenglow.png', 1, '0000-00-00 00:00:00', '0000-00-00 00:00:00', 0, ''),
(0, 123, '1402001424alienheadgreenglow.png', 1, '0000-00-00 00:00:00', '0000-00-00 00:00:00', 0, ''),
(0, 124, '1402001646image005(6).jpg', 1, '0000-00-00 00:00:00', '0000-00-00 00:00:00', 0, ''),
(0, 124, '1402001646hp630b.jpg', 1, '0000-00-00 00:00:00', '0000-00-00 00:00:00', 0, ''),
(0, 124, '1402001646alienheadgreenglow.png', 1, '0000-00-00 00:00:00', '0000-00-00 00:00:00', 0, ''),
(0, 128, '1402078135dafdaf.png', 1, '0000-00-00 00:00:00', '0000-00-00 00:00:00', 0, ''),
(0, 128, '1402078135Untitled.jpg', 1, '0000-00-00 00:00:00', '0000-00-00 00:00:00', 0, '');

-- --------------------------------------------------------

--
-- Table structure for table `menu`
--

CREATE TABLE IF NOT EXISTS `menu` (
  `id` int(11) NOT NULL AUTO_INCREMENT,
  `text` text COLLATE utf8_unicode_ci NOT NULL,
  `link` text COLLATE utf8_unicode_ci NOT NULL,
  `created` datetime NOT NULL,
  `modified` datetime NOT NULL,
  `user` int(11) NOT NULL,
  `status` text COLLATE utf8_unicode_ci NOT NULL,
  PRIMARY KEY (`id`)
) ENGINE=InnoDB  DEFAULT CHARSET=utf8 COLLATE=utf8_unicode_ci AUTO_INCREMENT=10 ;

--
-- Dumping data for table `menu`
--

INSERT INTO `menu` (`id`, `text`, `link`, `created`, `modified`, `user`, `status`) VALUES
(1, 'الرئيسية', 'http://localhost/yabod', '0000-00-00 00:00:00', '0000-00-00 00:00:00', 3, ''),
(2, 'فلسطيني', 'http://localhost/yabod/home/lists/1', '0000-00-00 00:00:00', '0000-00-00 00:00:00', 0, ''),
(3, 'دولي', 'http://localhost/yabod/home/lists/2', '0000-00-00 00:00:00', '0000-00-00 00:00:00', 0, ''),
(4, 'رياضة', 'http://localhost/yabod/home/lists/3', '0000-00-00 00:00:00', '0000-00-00 00:00:00', 0, ''),
(5, 'اقتصاد', 'http://localhost/yabod/home/lists/4', '0000-00-00 00:00:00', '0000-00-00 00:00:00', 0, ''),
(6, 'علوم وتكنولوجيا', 'http://localhost/yabod/home/lists/5', '0000-00-00 00:00:00', '0000-00-00 00:00:00', 0, ''),
(7, 'فن وثقافة', 'http://localhost/yabod/home/lists/6', '0000-00-00 00:00:00', '0000-00-00 00:00:00', 0, ''),
(8, 'الصحة والبيئة', 'http://localhost/yabod/home/lists/7', '0000-00-00 00:00:00', '0000-00-00 00:00:00', 0, ''),
(9, 'منوعات', 'http://localhost/yabod/home/lists/8', '0000-00-00 00:00:00', '0000-00-00 00:00:00', 0, '');

-- --------------------------------------------------------

--
-- Table structure for table `news`
--

CREATE TABLE IF NOT EXISTS `news` (
  `id` int(11) NOT NULL AUTO_INCREMENT,
  `shortDesc` text COLLATE utf8_unicode_ci NOT NULL,
  `fullDesc` text COLLATE utf8_unicode_ci NOT NULL,
  `created` datetime NOT NULL,
  `modified` datetime NOT NULL,
  `user` int(11) NOT NULL,
  `cat_id` int(11) NOT NULL,
  `status` text COLLATE utf8_unicode_ci NOT NULL,
  `mainphoto` text COLLATE utf8_unicode_ci NOT NULL,
  `visits` int(11) NOT NULL,
  `pro` int(11) NOT NULL,
  PRIMARY KEY (`id`)
) ENGINE=InnoDB  DEFAULT CHARSET=utf8 COLLATE=utf8_unicode_ci AUTO_INCREMENT=148 ;

--
-- Dumping data for table `news`
--

INSERT INTO `news` (`id`, `shortDesc`, `fullDesc`, `created`, `modified`, `user`, `cat_id`, `status`, `mainphoto`, `visits`, `pro`) VALUES
(42, 'انتحار شاب نتيجة علمله الزائد فب مجال البرمجة', '<p>اقدم شاب اليوم على الانتحار من مدينة طولكرم نتيجة الارهاق الزائد وقلة النوم والتعب الشديد من العمل</p>\r\n', '0000-00-00 00:00:00', '0000-00-00 00:00:00', 1, 1, '', 'allllli7.png', 0, 5),
(43, 'انتحار شاب نتيجة علمله الزائد فب مجال البرمجة', 'اقدم شاب اليوم على الانتحار من مدينة  طولكرم نتيجة الارهاق الزائد وقلة النوم والتعب الشديد من العمل', '0000-00-00 00:00:00', '0000-00-00 00:00:00', 0, 1, '', 'penclchk.gif', 0, 0),
(44, 'انتحار شاب نتيجة علمله الزائد فب مجال البرمجة', 'اقدم شاب اليوم على الانتحار من مدينة  طولكرم نتيجة الارهاق الزائد وقلة النوم والتعب الشديد من العمل', '0000-00-00 00:00:00', '0000-00-00 00:00:00', 0, 1, '', 'penclchk.gif', 0, 0),
(45, 'انتحار شاب نتيجة علمله الزائد فب مجال البرمجة', 'اقدم شاب اليوم على الانتحار من مدينة  طولكرم نتيجة الارهاق الزائد وقلة النوم والتعب الشديد من العمل', '0000-00-00 00:00:00', '0000-00-00 00:00:00', 0, 1, '', 'penclchk.gif', 0, 0),
(46, 'انتحار شاب نتيجة علمله الزائد فب مجال البرمجة', 'اقدم شاب اليوم على الانتحار من مدينة  طولكرم نتيجة الارهاق الزائد وقلة النوم والتعب الشديد من العمل', '0000-00-00 00:00:00', '0000-00-00 00:00:00', 0, 1, '', 'penclchk.gif', 0, 0),
(47, 'انتحار شاب نتيجة علمله الزائد فب مجال البرمجة', 'اقدم شاب اليوم على الانتحار من مدينة  طولكرم نتيجة الارهاق الزائد وقلة النوم والتعب الشديد من العمل', '0000-00-00 00:00:00', '0000-00-00 00:00:00', 0, 2, '', 'penclchk.gif', 0, 0),
(48, 'انتحار شاب نتيجة علمله الزائد فب مجال البرمجة', 'اقدم شاب اليوم على الانتحار من مدينة  طولكرم نتيجة الارهاق الزائد وقلة النوم والتعب الشديد من العمل', '0000-00-00 00:00:00', '0000-00-00 00:00:00', 0, 2, '', 'penclchk.gif', 0, 0),
(49, 'انتحار شاب نتيجة علمله الزائد فب مجال البرمجة', 'اقدم شاب اليوم على الانتحار من مدينة  طولكرم نتيجة الارهاق الزائد وقلة النوم والتعب الشديد من العمل', '0000-00-00 00:00:00', '0000-00-00 00:00:00', 0, 2, '', 'penclchk.gif', 0, 0),
(50, 'انتحار شاب نتيجة علمله الزائد فب مجال البرمجة', 'اقدم شاب اليوم على الانتحار من مدينة  طولكرم نتيجة الارهاق الزائد وقلة النوم والتعب الشديد من العمل', '0000-00-00 00:00:00', '0000-00-00 00:00:00', 0, 2, '', 'penclchk.gif', 0, 0),
(51, 'انتحار شاب نتيجة علمله الزائد فب مجال البرمجة', 'اقدم شاب اليوم على الانتحار من مدينة  طولكرم نتيجة الارهاق الزائد وقلة النوم والتعب الشديد من العمل', '0000-00-00 00:00:00', '0000-00-00 00:00:00', 0, 2, '', 'penclchk.gif', 0, 0),
(52, 'انتحار شاب نتيجة علمله الزائد فب مجال البرمجة', 'اقدم شاب اليوم على الانتحار من مدينة  طولكرم نتيجة الارهاق الزائد وقلة النوم والتعب الشديد من العمل', '0000-00-00 00:00:00', '0000-00-00 00:00:00', 0, 3, '', 'penclchk.gif', 0, 0),
(53, 'انتحار شاب نتيجة علمله الزائد فب مجال البرمجة', 'اقدم شاب اليوم على الانتحار من مدينة  طولكرم نتيجة الارهاق الزائد وقلة النوم والتعب الشديد من العمل', '0000-00-00 00:00:00', '0000-00-00 00:00:00', 0, 3, '', 'penclchk.gif', 0, 0),
(54, 'انتحار شاب نتيجة علمله الزائد فب مجال البرمجة', 'اقدم شاب اليوم على الانتحار من مدينة  طولكرم نتيجة الارهاق الزائد وقلة النوم والتعب الشديد من العمل', '0000-00-00 00:00:00', '0000-00-00 00:00:00', 0, 3, '', 'penclchk.gif', 0, 0),
(55, 'انتحار شاب نتيجة علمله الزائد فب مجال البرمجة', 'اقدم شاب اليوم على الانتحار من مدينة  طولكرم نتيجة الارهاق الزائد وقلة النوم والتعب الشديد من العمل', '0000-00-00 00:00:00', '0000-00-00 00:00:00', 0, 3, '', 'penclchk.gif', 0, 0),
(56, 'انتحار شاب نتيجة علمله الزائد فب مجال البرمجة', 'اقدم شاب اليوم على الانتحار من مدينة  طولكرم نتيجة الارهاق الزائد وقلة النوم والتعب الشديد من العمل', '0000-00-00 00:00:00', '0000-00-00 00:00:00', 0, 3, '', 'penclchk.gif', 0, 0),
(57, 'انتحار شاب نتيجة علمله الزائد فب مجال البرمجة', 'اقدم شاب اليوم على الانتحار من مدينة  طولكرم نتيجة الارهاق الزائد وقلة النوم والتعب الشديد من العمل', '0000-00-00 00:00:00', '0000-00-00 00:00:00', 0, 4, '', 'penclchk.gif', 0, 0),
(58, 'انتحار شاب نتيجة علمله الزائد فب مجال البرمجة', 'اقدم شاب اليوم على الانتحار من مدينة  طولكرم نتيجة الارهاق الزائد وقلة النوم والتعب الشديد من العمل', '0000-00-00 00:00:00', '0000-00-00 00:00:00', 0, 4, '', 'penclchk.gif', 0, 0),
(59, 'انتحار شاب نتيجة علمله الزائد فب مجال البرمجة', 'اقدم شاب اليوم على الانتحار من مدينة  طولكرم نتيجة الارهاق الزائد وقلة النوم والتعب الشديد من العمل', '0000-00-00 00:00:00', '0000-00-00 00:00:00', 0, 4, '', 'penclchk.gif', 0, 0),
(60, 'انتحار شاب نتيجة علمله الزائد فب مجال البرمجة', 'اقدم شاب اليوم على الانتحار من مدينة  طولكرم نتيجة الارهاق الزائد وقلة النوم والتعب الشديد من العمل', '0000-00-00 00:00:00', '0000-00-00 00:00:00', 0, 4, '', 'penclchk.gif', 0, 0),
(61, 'انتحار شاب نتيجة علمله الزائد فب مجال البرمجة', 'اقدم شاب اليوم على الانتحار من مدينة  طولكرم نتيجة الارهاق الزائد وقلة النوم والتعب الشديد من العمل', '0000-00-00 00:00:00', '0000-00-00 00:00:00', 0, 4, '', 'penclchk.gif', 0, 0),
(62, 'انتحار شاب نتيجة علمله الزائد فب مجال البرمجة', 'اقدم شاب اليوم على الانتحار من مدينة  طولكرم نتيجة الارهاق الزائد وقلة النوم والتعب الشديد من العمل', '0000-00-00 00:00:00', '0000-00-00 00:00:00', 0, 5, '', 'penclchk.gif', 0, 0),
(63, 'انتحار شاب نتيجة علمله الزائد فب مجال البرمجة', 'اقدم شاب اليوم على الانتحار من مدينة  طولكرم نتيجة الارهاق الزائد وقلة النوم والتعب الشديد من العمل', '0000-00-00 00:00:00', '0000-00-00 00:00:00', 0, 5, '', 'penclchk.gif', 0, 0),
(64, 'انتحار شاب نتيجة علمله الزائد فب مجال البرمجة', 'اقدم شاب اليوم على الانتحار من مدينة  طولكرم نتيجة الارهاق الزائد وقلة النوم والتعب الشديد من العمل', '0000-00-00 00:00:00', '0000-00-00 00:00:00', 0, 5, '', 'penclchk.gif', 0, 0),
(65, 'انتحار شاب نتيجة علمله الزائد فب مجال البرمجة', 'اقدم شاب اليوم على الانتحار من مدينة  طولكرم نتيجة الارهاق الزائد وقلة النوم والتعب الشديد من العمل', '0000-00-00 00:00:00', '0000-00-00 00:00:00', 0, 5, '', 'penclchk.gif', 0, 0),
(66, 'انتحار شاب نتيجة علمله الزائد فب مجال البرمجة', 'اقدم شاب اليوم على الانتحار من مدينة  طولكرم نتيجة الارهاق الزائد وقلة النوم والتعب الشديد من العمل', '0000-00-00 00:00:00', '0000-00-00 00:00:00', 0, 5, '', 'penclchk.gif', 0, 0),
(67, 'انتحار شاب نتيجة علمله الزائد فب مجال البرمجة', 'اقدم شاب اليوم على الانتحار من مدينة  طولكرم نتيجة الارهاق الزائد وقلة النوم والتعب الشديد من العمل', '0000-00-00 00:00:00', '0000-00-00 00:00:00', 0, 6, '', 'penclchk.gif', 0, 0),
(68, 'انتحار شاب نتيجة علمله الزائد فب مجال البرمجة', 'اقدم شاب اليوم على الانتحار من مدينة  طولكرم نتيجة الارهاق الزائد وقلة النوم والتعب الشديد من العمل', '0000-00-00 00:00:00', '0000-00-00 00:00:00', 0, 6, '', 'penclchk.gif', 0, 0),
(69, 'انتحار شاب نتيجة علمله الزائد فب مجال البرمجة', 'اقدم شاب اليوم على الانتحار من مدينة  طولكرم نتيجة الارهاق الزائد وقلة النوم والتعب الشديد من العمل', '0000-00-00 00:00:00', '0000-00-00 00:00:00', 0, 6, '', 'penclchk.gif', 0, 0),
(70, 'انتحار شاب نتيجة علمله الزائد فب مجال البرمجة', 'اقدم شاب اليوم على الانتحار من مدينة  طولكرم نتيجة الارهاق الزائد وقلة النوم والتعب الشديد من العمل', '0000-00-00 00:00:00', '0000-00-00 00:00:00', 0, 6, '', 'penclchk.gif', 0, 0),
(71, 'انتحار شاب نتيجة علمله الزائد فب مجال البرمجة', 'اقدم شاب اليوم على الانتحار من مدينة  طولكرم نتيجة الارهاق الزائد وقلة النوم والتعب الشديد من العمل', '0000-00-00 00:00:00', '0000-00-00 00:00:00', 0, 6, '', 'penclchk.gif', 0, 0),
(72, 'انتحار شاب نتيجة علمله الزائد فب مجال البرمجة', 'اقدم شاب اليوم على الانتحار من مدينة  طولكرم نتيجة الارهاق الزائد وقلة النوم والتعب الشديد من العمل', '0000-00-00 00:00:00', '0000-00-00 00:00:00', 0, 7, '', 'penclchk.gif', 0, 0),
(73, 'انتحار شاب نتيجة علمله الزائد فب مجال البرمجة', 'اقدم شاب اليوم على الانتحار من مدينة  طولكرم نتيجة الارهاق الزائد وقلة النوم والتعب الشديد من العمل', '0000-00-00 00:00:00', '0000-00-00 00:00:00', 0, 7, '', 'penclchk.gif', 0, 0),
(74, 'انتحار شاب نتيجة علمله الزائد فب مجال البرمجة', 'اقدم شاب اليوم على الانتحار من مدينة  طولكرم نتيجة الارهاق الزائد وقلة النوم والتعب الشديد من العمل', '0000-00-00 00:00:00', '0000-00-00 00:00:00', 0, 7, '', 'penclchk.gif', 0, 0),
(75, 'انتحار شاب نتيجة علمله الزائد فب مجال البرمجة', 'اقدم شاب اليوم على الانتحار من مدينة  طولكرم نتيجة الارهاق الزائد وقلة النوم والتعب الشديد من العمل', '0000-00-00 00:00:00', '0000-00-00 00:00:00', 0, 7, '', 'penclchk.gif', 0, 0),
(76, 'انتحار شاب نتيجة علمله الزائد فب مجال البرمجة', 'اقدم شاب اليوم على الانتحار من مدينة  طولكرم نتيجة الارهاق الزائد وقلة النوم والتعب الشديد من العمل', '0000-00-00 00:00:00', '0000-00-00 00:00:00', 0, 7, '', 'penclchk.gif', 0, 0),
(77, 'انتحار شاب نتيجة علمله الزائد فب مجال البرمجة', 'اقدم شاب اليوم على الانتحار من مدينة  طولكرم نتيجة الارهاق الزائد وقلة النوم والتعب الشديد من العمل', '0000-00-00 00:00:00', '0000-00-00 00:00:00', 0, 8, '', 'penclchk.gif', 0, 0),
(78, 'انتحار شاب نتيجة علمله الزائد فب مجال البرمجة', 'اقدم شاب اليوم على الانتحار من مدينة  طولكرم نتيجة الارهاق الزائد وقلة النوم والتعب الشديد من العمل', '0000-00-00 00:00:00', '0000-00-00 00:00:00', 0, 8, '', 'penclchk.gif', 0, 0),
(79, 'انتحار شاب نتيجة علمله الزائد فب مجال البرمجة', 'اقدم شاب اليوم على الانتحار من مدينة  طولكرم نتيجة الارهاق الزائد وقلة النوم والتعب الشديد من العمل', '0000-00-00 00:00:00', '0000-00-00 00:00:00', 0, 8, '', 'penclchk.gif', 0, 0),
(80, 'انتحار شاب نتيجة علمله الزائد فب مجال البرمجة', 'اقدم شاب اليوم على الانتحار من مدينة  طولكرم نتيجة الارهاق الزائد وقلة النوم والتعب الشديد من العمل', '0000-00-00 00:00:00', '0000-00-00 00:00:00', 0, 8, '', 'penclchk.gif', 0, 0),
(81, 'انتحار شاب نتيجة علمله الزائد فب مجال البرمجة', 'اقدم شاب اليوم على الانتحار من مدينة  طولكرم نتيجة الارهاق الزائد وقلة النوم والتعب الشديد من العمل', '0000-00-00 00:00:00', '0000-00-00 00:00:00', 0, 6, '', 'penclchk.gif', 0, 0),
(82, 'انتحار شاب نتيجة علمله الزائد فب مجال البرمجة', 'اقدم شاب اليوم على الانتحار من مدينة  طولكرم نتيجة الارهاق الزائد وقلة النوم والتعب الشديد من العمل', '0000-00-00 00:00:00', '0000-00-00 00:00:00', 0, 6, '', 'penclchk.gif', 0, 0),
(83, 'انتحار شاب نتيجة علمله الزائد فب مجال البرمجة', 'اقدم شاب اليوم على الانتحار من مدينة  طولكرم نتيجة الارهاق الزائد وقلة النوم والتعب الشديد من العمل', '0000-00-00 00:00:00', '0000-00-00 00:00:00', 0, 6, '', 'penclchk.gif', 0, 0),
(84, 'انتحار شاب نتيجة علمله الزائد فب مجال البرمجة', 'اقدم شاب اليوم على الانتحار من مدينة  طولكرم نتيجة الارهاق الزائد وقلة النوم والتعب الشديد من العمل', '0000-00-00 00:00:00', '0000-00-00 00:00:00', 0, 6, '', 'penclchk.gif', 0, 0),
(85, 'انتحار شاب نتيجة علمله الزائد فب مجال البرمجة', 'اقدم شاب اليوم على الانتحار من مدينة  طولكرم نتيجة الارهاق الزائد وقلة النوم والتعب الشديد من العمل', '0000-00-00 00:00:00', '0000-00-00 00:00:00', 0, 6, '', 'penclchk.gif', 0, 0),
(86, 'انتحار شاب نتيجة علمله الزائد فب مجال البرمجة', 'اقدم شاب اليوم على الانتحار من مدينة  طولكرم نتيجة الارهاق الزائد وقلة النوم والتعب الشديد من العمل', '0000-00-00 00:00:00', '0000-00-00 00:00:00', 0, 7, '', 'penclchk.gif', 0, 0),
(87, 'انتحار شاب نتيجة علمله الزائد فب مجال البرمجة', 'اقدم شاب اليوم على الانتحار من مدينة  طولكرم نتيجة الارهاق الزائد وقلة النوم والتعب الشديد من العمل', '0000-00-00 00:00:00', '0000-00-00 00:00:00', 0, 7, '', 'penclchk.gif', 0, 0),
(88, 'انتحار شاب نتيجة علمله الزائد فب مجال البرمجة', 'اقدم شاب اليوم على الانتحار من مدينة  طولكرم نتيجة الارهاق الزائد وقلة النوم والتعب الشديد من العمل', '0000-00-00 00:00:00', '0000-00-00 00:00:00', 0, 7, '', 'penclchk.gif', 0, 0),
(89, 'انتحار شاب نتيجة علمله الزائد فب مجال البرمجة', 'اقدم شاب اليوم على الانتحار من مدينة  طولكرم نتيجة الارهاق الزائد وقلة النوم والتعب الشديد من العمل', '0000-00-00 00:00:00', '0000-00-00 00:00:00', 0, 7, '', 'penclchk.gif', 0, 0),
(90, 'انتحار شاب نتيجة علمله الزائد فب مجال البرمجة', 'اقدم شاب اليوم على الانتحار من مدينة  طولكرم نتيجة الارهاق الزائد وقلة النوم والتعب الشديد من العمل', '0000-00-00 00:00:00', '0000-00-00 00:00:00', 0, 7, '', 'penclchk.gif', 0, 0),
(91, 'انتحار شاب نتيجة علمله الزائد فب مجال البرمجة', 'اقدم شاب اليوم على الانتحار من مدينة  طولكرم نتيجة الارهاق الزائد وقلة النوم والتعب الشديد من العمل', '0000-00-00 00:00:00', '0000-00-00 00:00:00', 0, 8, '', 'penclchk.gif', 0, 0),
(92, 'انتحار شاب نتيجة علمله الزائد فب مجال البرمجة', 'اقدم شاب اليوم على الانتحار من مدينة  طولكرم نتيجة الارهاق الزائد وقلة النوم والتعب الشديد من العمل', '0000-00-00 00:00:00', '0000-00-00 00:00:00', 0, 8, '', 'penclchk.gif', 0, 0),
(93, 'انتحار شاب نتيجة علمله الزائد فب مجال البرمجة', 'اقدم شاب اليوم على الانتحار من مدينة  طولكرم نتيجة الارهاق الزائد وقلة النوم والتعب الشديد من العمل', '0000-00-00 00:00:00', '0000-00-00 00:00:00', 0, 8, '', 'penclchk.gif', 0, 0),
(94, 'انتحار شاب نتيجة علمله الزائد فب مجال البرمجة', 'اقدم شاب اليوم على الانتحار من مدينة  طولكرم نتيجة الارهاق الزائد وقلة النوم والتعب الشديد من العمل', '0000-00-00 00:00:00', '0000-00-00 00:00:00', 0, 8, '', 'penclchk.gif', 0, 0),
(95, 'انتحار شاب نتيجة علمله الزائد فب مجال البرمجة', 'اقدم شاب اليوم على الانتحار من مدينة  طولكرم نتيجة الارهاق الزائد وقلة النوم والتعب الشديد من العمل', '0000-00-00 00:00:00', '0000-00-00 00:00:00', 0, 8, '', 'penclchk.gif', 0, 0),
(96, 'انتحار شاب نتيجة علمله الزائد فب مجال البرمجة', 'اقدم شاب اليوم على الانتحار من مدينة  طولكرم نتيجة الارهاق الزائد وقلة النوم والتعب الشديد من العمل', '0000-00-00 00:00:00', '0000-00-00 00:00:00', 0, 1, '', 'penclchk.gif', 0, 0),
(97, 'انتحار شاب نتيجة علمله الزائد فب مجال البرمجة', 'اقدم شاب اليوم على الانتحار من مدينة  طولكرم نتيجة الارهاق الزائد وقلة النوم والتعب الشديد من العمل', '0000-00-00 00:00:00', '0000-00-00 00:00:00', 0, 1, '', 'penclchk.gif', 0, 0),
(98, 'انتحار شاب نتيجة علمله الزائد فب مجال البرمجة', 'اقدم شاب اليوم على الانتحار من مدينة  طولكرم نتيجة الارهاق الزائد وقلة النوم والتعب الشديد من العمل', '0000-00-00 00:00:00', '0000-00-00 00:00:00', 0, 1, '', 'penclchk.gif', 0, 0),
(99, 'انتحار شاب نتيجة علمله الزائد فب مجال البرمجة', 'اقدم شاب اليوم على الانتحار من مدينة  طولكرم نتيجة الارهاق الزائد وقلة النوم والتعب الشديد من العمل', '0000-00-00 00:00:00', '0000-00-00 00:00:00', 0, 1, '', 'penclchk.gif', 0, 0),
(100, 'انتحار شاب نتيجة علمله الزائد فب مجال البرمجة', 'اقدم شاب اليوم على الانتحار من مدينة  طولكرم نتيجة الارهاق الزائد وقلة النوم والتعب الشديد من العمل', '0000-00-00 00:00:00', '0000-00-00 00:00:00', 0, 1, '', 'penclchk.gif', 0, 0),
(101, 'انتحار شاب نتيجة علمله الزائد فب مجال البرمجة', 'اقدم شاب اليوم على الانتحار من مدينة  طولكرم نتيجة الارهاق الزائد وقلة النوم والتعب الشديد من العمل', '0000-00-00 00:00:00', '0000-00-00 00:00:00', 0, 1, '', 'penclchk.gif', 0, 0),
(102, 'انتحار شاب نتيجة علمله الزائد فب مجال البرمجة', 'اقدم شاب اليوم على الانتحار من مدينة  طولكرم نتيجة الارهاق الزائد وقلة النوم والتعب الشديد من العمل', '0000-00-00 00:00:00', '0000-00-00 00:00:00', 0, 1, '', 'penclchk.gif', 0, 0),
(103, 'انتحار شاب نتيجة علمله الزائد فب مجال البرمجة', 'اقدم شاب اليوم على الانتحار من مدينة  طولكرم نتيجة الارهاق الزائد وقلة النوم والتعب الشديد من العمل', '0000-00-00 00:00:00', '0000-00-00 00:00:00', 0, 1, '', 'penclchk.gif', 0, 0),
(104, 'انتحار شاب نتيجة علمله الزائد فب مجال البرمجة', 'اقدم شاب اليوم على الانتحار من مدينة  طولكرم نتيجة الارهاق الزائد وقلة النوم والتعب الشديد من العمل', '0000-00-00 00:00:00', '0000-00-00 00:00:00', 0, 1, '', 'penclchk.gif', 0, 0),
(105, 'انتحار شاب نتيجة علمله الزائد فب مجال البرمجة', 'اقدم شاب اليوم على الانتحار من مدينة  طولكرم نتيجة الارهاق الزائد وقلة النوم والتعب الشديد من العمل', '0000-00-00 00:00:00', '0000-00-00 00:00:00', 0, 1, '', 'penclchk.gif', 0, 0),
(106, 'انتحار شاب نتيجة علمله الزائد فب مجال البرمجة', 'اقدم شاب اليوم على الانتحار من مدينة  طولكرم نتيجة الارهاق الزائد وقلة النوم والتعب الشديد من العمل', '0000-00-00 00:00:00', '0000-00-00 00:00:00', 0, 1, '', 'penclchk.gif', 0, 0),
(107, 'انتحار شاب نتيجة علمله الزائد فب مجال البرمجة', 'اقدم شاب اليوم على الانتحار من مدينة  طولكرم نتيجة الارهاق الزائد وقلة النوم والتعب الشديد من العمل', '0000-00-00 00:00:00', '0000-00-00 00:00:00', 0, 1, '', 'penclchk.gif', 0, 0),
(108, 'انتحار شاب نتيجة علمله الزائد فب مجال البرمجة', 'اقدم شاب اليوم على الانتحار من مدينة  طولكرم نتيجة الارهاق الزائد وقلة النوم والتعب الشديد من العمل', '0000-00-00 00:00:00', '0000-00-00 00:00:00', 0, 1, '', 'penclchk.gif', 0, 0),
(109, 'انتحار شاب نتيجة علمله الزائد فب مجال البرمجة', 'اقدم شاب اليوم على الانتحار من مدينة  طولكرم نتيجة الارهاق الزائد وقلة النوم والتعب الشديد من العمل', '0000-00-00 00:00:00', '0000-00-00 00:00:00', 0, 1, '', 'penclchk.gif', 0, 0),
(110, 'انتحار شاب نتيجة علمله الزائد فب مجال البرمجة', 'اقدم شاب اليوم على الانتحار من مدينة  طولكرم نتيجة الارهاق الزائد وقلة النوم والتعب الشديد من العمل', '0000-00-00 00:00:00', '0000-00-00 00:00:00', 0, 1, '', 'penclchk.gif', 0, 0),
(111, 'انتحار شاب نتيجة علمله الزائد فب مجال البرمجة', 'اقدم شاب اليوم على الانتحار من مدينة  طولكرم نتيجة الارهاق الزائد وقلة النوم والتعب الشديد من العمل', '0000-00-00 00:00:00', '0000-00-00 00:00:00', 0, 1, '', 'penclchk.gif', 0, 0),
(112, 'انتحار شاب نتيجة علمله الزائد فب مجال البرمجة', 'اقدم شاب اليوم على الانتحار من مدينة  طولكرم نتيجة الارهاق الزائد وقلة النوم والتعب الشديد من العمل', '0000-00-00 00:00:00', '0000-00-00 00:00:00', 0, 1, '', 'penclchk.gif', 0, 0),
(113, 'انتحار شاب نتيجة علمله الزائد فب مجال البرمجة', 'اقدم شاب اليوم على الانتحار من مدينة  طولكرم نتيجة الارهاق الزائد وقلة النوم والتعب الشديد من العمل', '0000-00-00 00:00:00', '0000-00-00 00:00:00', 0, 1, '', 'penclchk.gif', 0, 0),
(114, 'انتحار شاب نتيجة علمله الزائد فب مجال البرمجة', 'اقدم شاب اليوم على الانتحار من مدينة  طولكرم نتيجة الارهاق الزائد وقلة النوم والتعب الشديد من العمل', '0000-00-00 00:00:00', '0000-00-00 00:00:00', 0, 1, '', 'penclchk.gif', 0, 0),
(115, 'انتحار شاب نتيجة علمله الزائد فب مجال البرمجة', 'اقدم شاب اليوم على الانتحار من مدينة  طولكرم نتيجة الارهاق الزائد وقلة النوم والتعب الشديد من العمل', '0000-00-00 00:00:00', '0000-00-00 00:00:00', 0, 1, '', 'penclchk.gif', 0, 0),
(116, 'انتحار شاب نتيجة علمله الزائد فب مجال البرمجة', 'اقدم شاب اليوم على الانتحار من مدينة  طولكرم نتيجة الارهاق الزائد وقلة النوم والتعب الشديد من العمل', '0000-00-00 00:00:00', '0000-00-00 00:00:00', 0, 1, '', 'penclchk.gif', 0, 0),
(117, 'انتحار شاب نتيجة علمله الزائد فب مجال البرمجة', 'اقدم شاب اليوم على الانتحار من مدينة  طولكرم نتيجة الارهاق الزائد وقلة النوم والتعب الشديد من العمل', '0000-00-00 00:00:00', '0000-00-00 00:00:00', 0, 1, '', 'penclchk.gif', 0, 0),
(118, 'انتحار شاب نتيجة علمله الزائد فب مجال البرمجة', 'اقدم شاب اليوم على الانتحار من مدينة  طولكرم نتيجة الارهاق الزائد وقلة النوم والتعب الشديد من العمل', '0000-00-00 00:00:00', '0000-00-00 00:00:00', 0, 1, '', 'penclchk.gif', 0, 0),
(119, 'انتحار شاب نتيجة علمله الزائد فب مجال البرمجة', 'اقدم شاب اليوم على الانتحار من مدينة  طولكرم نتيجة الارهاق الزائد وقلة النوم والتعب الشديد من العمل', '0000-00-00 00:00:00', '0000-00-00 00:00:00', 0, 1, '', 'penclchk.gif', 0, 0),
(120, 'انتحار شاب نتيجة علمله الزائد فب مجال البرمجة', 'اقدم شاب اليوم على الانتحار من مدينة  طولكرم نتيجة الارهاق الزائد وقلة النوم والتعب الشديد من العمل', '0000-00-00 00:00:00', '0000-00-00 00:00:00', 0, 1, '', 'penclchk.gif', 0, 0),
(121, 'Test khber', '<p>this test khabser for tesing the images&nbsp;</p>\r\n', '0000-00-00 00:00:00', '0000-00-00 00:00:00', 1, 1, 'approved', 'allllli8.jpg', 0, 0),
(122, 'خبر جديد مع صوؤر  ', '', '0000-00-00 00:00:00', '0000-00-00 00:00:00', 1, 1, 'pennding', 'allllli3.jpg', 0, 0),
(123, 'خبر ررررررر', '<p>نبتليىلتنميبىلبنىل لبيت لبي لتبي ليب لب يل بينل بيتل</p>\r\n', '0000-00-00 00:00:00', '0000-00-00 00:00:00', 1, 4, 'pennding', 'allllli4.jpg', 0, 0),
(124, 'محمود خبر ', '', '0000-00-00 00:00:00', '0000-00-00 00:00:00', 1, 1, 'pennding', 'allllli5.jpg', 0, 0),
(125, 'محمود ابو بكر', '<p>محمود ابو بكرمحمود ابو بكرمحمود ابو بكرمحمود ابو بكرمحمود ابو بكرمحمود ابو بكرمحمود ابو بكرمحمود ابو بكرمحمود ابو بكرمحمود ابو بكرمحمود ابو بكرمحمود ابو بكرمحمود ابو بكرمحمود ابو بكرمحمود ابو بكرمحمود ابو بكرمحمود ابو بكرمحمود ابو بكرمحمود ابو بكرمحمود ابو بكرمحمود ابو بكرمحمود ابو بكرمحمود ابو بكرمحمود ابو بكرمحمود ابو بكرمحمود ابو بكرمحمود ابو بكرمحمود ابو بكرمحمود ابو بكرمحمود ابو بكرمحمود ابو بكرمحمود ابو بكرمحمود ابو بكرمحمود ابو بكرمحمود ابو بكرمحمود ابو بكرمحمود ابو بكرمحمود ابو بكرمحمود ابو بكرمحمود ابو بكرمحمود ابو بكرمحمود ابو بكرمحمود ابو بكرمحمود ابو بكرمحمود ابو بكرمحمود ابو بكرمحمود ابو بكرمحمود ابو بكرمحمود ابو بكرمحمود ابو بكرمحمود ابو بكرمحمود ابو بكرمحمود ابو بكرمحمود ابو بكرمحمود ابو بكرمحمود ابو بكرمحمود ابو بكرمحمود ابو بكرمحمود ابو بكرمحمود ابو بكرمحمود ابو بكرمحمود ابو بكرمحمود ابو بكرمحمود ابو بكرمحمود ابو بكرمحمود ابو بكرمحمود ابو بكرمحمود ابو بكرمحمود ابو بكرمحمود ابو بكرمحمود ابو بكرمحمود ابو بكرمحمود ابو بكرمحمود ابو بكرمحمود ابو بكرمحمود ابو بكرمحمود ابو بكرمحمود ابو بكرمحمود ابو بكر</p>\r\n', '0000-00-00 00:00:00', '0000-00-00 00:00:00', 1, 1, 'pennding', 'allllli6.jpg', 0, 0),
(126, 'محمود خبر ', '<p>محمود ابو بكرمحمود ابو بكرمحمود ابو بكرمحمود ابو بكرمحمود ابو بكرمحمود ابو بكرمحمود ابو بكرمحمود ابو بكرمحمود ابو بكرمحمود ابو بكرمحمود ابو بكرمحمود ابو بكر</p>\r\n\r\n<p>&nbsp;</p>\r\n\r\n<p>محمود ابو بكرمحمود ابو بكرمحمود ابو بكرمحمود ابو بكرمحمود ابو بكرمحمود ابو بكرمحمود ابو بكرمحمود ابو بكرمحمود ابو بكرمحمود ابو بكرمحمود ابو بكر</p>\r\n\r\n<p>محمود ابو بكرمحمود ابو بكرمحمود ابو بكرمحمود ابو بكرمحمود ابو بكرمحمود ابو بكرمحمود ابو بكرمحمود ابو بكرمحمود ابو بكرمحمود ابو بكرمحمود ابو بكرمحمود ابو بكر</p>\r\n\r\n<p>محمود ابو بكرمحمود ابو بكرمحمود ابو بكرمحمود ابو بكرمحمود ابو بكرمحمود ابو بكرمحمود ابو بكرمحمود ابو بكرمحمود ابو بكرمحمود ابو بكرمحمود ابو بكرمحمود ابو بكرمحمود ابو بكرمحمود ابو بكرمحمود ابو بكررر</p>\r\n\r\n<p>&nbsp;</p>\r\n\r\n<p>محمود ابو بكرمحمود ابو بكرمحمود ابو بكرمحمود ابو بكرمحمود ابو بكرمحمود ابو بكرمحمود ابو بكرمحمود ابو بكرمحمود ابو بكرمحمود ابو بكرمحمود ابو بكرمحمود ابو بكرمحمود ابو بكرمحمود ابو بكرمحمود ابو بكر</p>\r\n\r\n<p>&nbsp;</p>\r\n\r\n<p>محمود ابو بكرمحمود ابو بكرمحمود ابو بكرمحمود ابو بكرمحمود ابو بكرمحمود ابو بكرمحمود ابو بكرمحمود ابو بكرمحمود ابو بكرمحمود ابو بكرمحمود ابو بكرمحمود ابو بكرمحمود ابو بكرمحمود ابو بكرمحمود ابو بكرمحمود ابو بكرمحمود ابو بكرمحمود ابو بكرمحمود ابو بكر</p>\r\n\r\n<p>&nbsp;</p>\r\n\r\n<p>محمود ابو بكرمحمود ابو بكرمحمود ابو بكرمحمود ابو بكرمحمود ابو بكرمحمود ابو بكرمحمود ابو بكرمحمود ابو بكرمحمود ابو بكرمحمود ابو بكرمحمود ابو بكرمحمود ابو بكرمحمود ابو بكرمحمود ابو بكرمحمود ابو بكرمحمود ابو بكرمحمود ابو بكرمحمود ابو بكرمحمود ابو بكر</p>\r\n\r\n<p>&nbsp;</p>\r\n\r\n<p>محمود ابو بكرمحمود ابو بكرمحمود ابو بكرمحمود ابو بكرمحمود ابو بكرمحمود ابو بكرمحمود ابو بكرمحمود ابو بكرمحمود ابو بكرمحمود ابو بكرمحمود ابو بكرمحمود ابو بكرمحمود ابو بكرمحمود ابو بكرمحمود ابو بكرمحمود ابو بكرمحمود ابو بكرمحمود ابو بكرمحمود ابو بكرمحمود ابو بكرمحمود ابو بكر</p>\r\n\r\n<p>&nbsp;</p>\r\n\r\n<p>محمود ابو بكرمحمود ابو بكرمحمود ابو بكرمحمود ابو بكرمحمود ابو بكرمحمود ابو بكرمحمود ابو بكرمحمود ابو بكرمحمود ابو بكرمحمود ابو بكرمحمود ابو بكرمحمود ابو بكرمحمود ابو بكرمحمود ابو بكرمحمود ابو بكرمحمود ابو بكرمحمود ابو بكرمحمود ابو بكرمحمود ابو بكر</p>\r\n', '0000-00-00 00:00:00', '0000-00-00 00:00:00', 1, 1, 'pennding', 'allllli.png', 0, 0),
(127, 'نتاامنمامنت', '<p>محمود ابو بكرمحمود ابو بكرمحمود ابو بكرمحمود ابو بكرمحمود ابو بكر</p>\r\n\r\n<p>محمود ابو بكرمحمود ابو بكرمحمود ابو بكر</p>\r\n\r\n<p>&nbsp;</p>\r\n\r\n<p>محمود ابو بكرمحمود ابو بكرمحمود ابو بكرمحمود ابو بكرمحمود ابو بكر</p>\r\n\r\n<p>&nbsp;</p>\r\n\r\n<p>محمود ابو بكرمحمود ابو بكرمحمود ابو بكر</p>\r\n\r\n<p>محمود ابو بكرمحمود ابو بكرمحمود ابو بكرمحمود ابو بكر</p>\r\n\r\n<p>&nbsp;</p>\r\n\r\n <table border="1" cellpadding="1" cellspacing="1" >\r\n <tbody>\r\n  <tr>\r\n   <td>&nbsp;</td>\r\n   <td>&nbsp;</td>\r\n  </tr>\r\n  <tr>\r\n   <td>&nbsp;</td>\r\n   <td>&nbsp;</td>\r\n  </tr>\r\n  <tr>\r\n   <td>&nbsp;</td>\r\n   <td>&nbsp;</td>\r\n  </tr>\r\n </tbody>\r\n</table>\r\n\r\n<p>محمود ابو بكرمحمود ابو بكرمحمود ابو بكرمحمود ابو بكرمحمود ابو بكرمحمود ابو بكر</p>\r\n\r\n<p>&nbsp;</p>\r\n\r\n<p>&nbsp;</p>\r\n\r\n<p>محمود ابو بكرمحمود ابو بكرمحمود ابو بكر</p>\r\n', '0000-00-00 00:00:00', '0000-00-00 00:00:00', 1, 10, 'pennding', 'allllli1.png', 0, 0),
(128, 'خبر جديد جدا جدا', '<p>خبر جديد جدا جداخبر جديد جدا جداخبر جديد جدا جدا</p>\r\n\r\n<p>خبر جديد جدا جداخبر جديد جدا جداخبر جديد جدا جداخبر جديد جدا جدا</p>\r\n\r\n<p>خبر جديد جدا جداخبر جديد جدا جداخبر جديد جدا جداخبر جديد جدا جداخبر جديد جدا جداخبر جديد جدا جدا</p>\r\n\r\n<p>خبر جديد جدا جداخبر جديد جدا جداخبر جديد جدا جداخبر جديد جدا جداخبر جديد جدا جداخبر جديد جدا جداخبر جديد جدا جدار</p>\r\n\r\n<p>خبر جديد جدا جدار</p>\r\n\r\n<p>خبر جديد جدا جداخبر جديد جدا جدا</p>\r\n\r\n<p>رخبر جديد جدا جدار</p>\r\n\r\n<p>&nbsp;</p>\r\n\r\n<p>خبر جديد جدا جداخبر جديد جدا جداخبر جديد جدا جداخبر جديد جدا جداخبر جديد جدا جداخبر جديد جدا جداخبر جديد جدا جداخبر جديد جدا جداخبر جديد جدا جداخبر جديد جدا جداخبر جديد جدا جداخبر جديد جدا جداخبر جديد جدا جداخبر جديد جدا جداخبر جديد جدا جدارر</p>\r\n\r\n<p>خبر جديد جدا جداخبر جديد جدا جداخبر جديد جدا جدا</p>\r\n\r\n<p>رر</p>\r\n\r\n<p>خبر جديد جدا جدا</p>\r\n\r\n<p>خبر جديد جدا جدا</p>\r\n\r\n<p>ر</p>\r\n\r\n<p>رخبر جديد جدا جداخبر جديد جدا جداخبر جديد جدا جداخبر جديد جدا جداخبر جديد جدا جداخبر جديد جدا جداخبر جديد جدا جداخبر جديد جدا جداخبر جديد جدا جداخبر جديد جدا جداخبر جديد جدا جداخبر جديد جدا جدارر</p>\r\n\r\n<p>ر</p>\r\n\r\n<p>رررررررررررررررررررررخبر جديد جدا جدا</p>\r\n\r\n<p>خبر جديد جدا جدا</p>\r\n', '0000-00-00 00:00:00', '0000-00-00 00:00:00', 1, 1, 'pennding', 'allllli2.png', 0, 0),
(129, 'خبر جديد  في السلايدر', '<p>تلخممن</p>\r\n', '0000-00-00 00:00:00', '0000-00-00 00:00:00', 1, 1, 'pennding', 'allllli10.jpg', 0, 0),
(130, 'dlkajdkj', '<p>ljhknbklnlkn/lkn/klnkln</p>\r\n', '0000-00-00 00:00:00', '0000-00-00 00:00:00', 1, 1, 'pennding', 'allllli11.jpg', 0, 0),
(131, 'jhghkgkhg', '', '0000-00-00 00:00:00', '0000-00-00 00:00:00', 1, 1, 'pennding', 'allllli12.jpg', 0, 0),
(132, 'اضافة عنوان حبر جديد ', '<p>تجربة خبر جديدتجربة خبر جديدتجربة خبر جديدتجربة خبر جديدتجربة خبر جديدتجربة خبر جديدتجربة خبر جديدتجربة خبر جديدتجربة خبر جديدتجربة خبر جديدتجربة خبر جديدتجربة خبر جديدتجربة خبر جديد &nbsp;تجربة خبر جديدتجربة خبر جديدتجربة خبر جديد&nbsp;</p>\r\n', '0000-00-00 00:00:00', '0000-00-00 00:00:00', 1, 8, 'pennding', 'allllli13.jpg', 0, 0),
(133, 'مءبلةسينك  بهسيي بيسه هخ', '<p>نمبال بنمكل نمب له لهب لب بي خهي بحخ رخهى بيهرى هبرن يسنبحخر نبي رىخيبطهطحي</p>\r\n', '0000-00-00 00:00:00', '0000-00-00 00:00:00', 1, 1, 'pennding', 'allllli3.png', 0, 0),
(134, 'mahmoud   helal', '<p>szdsdsads</p>\r\n', '0000-00-00 00:00:00', '0000-00-00 00:00:00', 1, 8, 'pennding', 'allllli4.png', 0, 0),
(135, 'sknsaxnjsanxjnxlnasln', '<p>xasxsaxsaxsa</p>\r\n', '0000-00-00 00:00:00', '0000-00-00 00:00:00', 1, 1, 'pennding', 'allllli14.jpg', 0, 0),
(136, 'eewdew', '<p>dewdewdedewd</p>\r\n', '0000-00-00 00:00:00', '0000-00-00 00:00:00', 1, 5, 'pennding', 'allllli8.png', 0, 0),
(137, 'fdasfdaf', '<p>fdsfdsfdsfdsfds</p>\r\n', '0000-00-00 00:00:00', '0000-00-00 00:00:00', 1, 1, 'pennding', 'allllli28.png', 0, 0),
(138, ' m;klc dk ckid cd ', '<p>dma;odm do ed ew dopw ed e wd weod we doi epdew</p>\r\n', '0000-00-00 00:00:00', '0000-00-00 00:00:00', 1, 4, 'pennding', 'allllli10.png', 0, 0),
(139, ' m;klc dk ckid cd ', '<p>dma;odm do ed ew dopw ed e wd weod we doi epdew</p>\r\n', '0000-00-00 00:00:00', '0000-00-00 00:00:00', 1, 4, 'pennding', 'allllli11.png', 0, 0),
(140, ' m;klc dk ckid cd ', '<p>dma;odm do ed ew dopw ed e wd weod we doi epdew</p>\r\n', '0000-00-00 00:00:00', '0000-00-00 00:00:00', 1, 4, 'pennding', 'allllli12.png', 0, 0),
(141, ' m;klc dk ckid cd ', '<p>dma;odm do ed ew dopw ed e wd weod we doi epdew</p>\r\n', '0000-00-00 00:00:00', '0000-00-00 00:00:00', 1, 4, 'pennding', 'allllli13.png', 0, 0),
(142, ' m;klc dk ckid cd ', '<p>dma;odm do ed ew dopw ed e wd weod we doi epdew</p>\r\n', '0000-00-00 00:00:00', '0000-00-00 00:00:00', 1, 4, 'pennding', 'allllli14.png', 0, 0),
(143, ' m;klc dk ckid cd ', '<p>dma;odm do ed ew dopw ed e wd weod we doi epdew</p>\r\n', '0000-00-00 00:00:00', '0000-00-00 00:00:00', 1, 4, 'pennding', 'allllli15.png', 1, 0),
(144, ' m;klc dk ckid cd ', '<p>dma;odm do ed ew dopw ed e wd weod we doi epdew</p>\r\n', '0000-00-00 00:00:00', '0000-00-00 00:00:00', 1, 4, 'pennding', 'allllli16.png', 0, 0),
(145, ' m;klc dk ckid cd ', '<p>dma;odm do ed ew dopw ed e wd weod we doi epdew</p>\r\n', '0000-00-00 00:00:00', '0000-00-00 00:00:00', 1, 4, 'pennding', 'allllli26.png', 2, 0),
(146, 'مقالة رائعة للكاتب جموددة شديد', '<p>مقالة رائعة للكاتب جموددة شديدمقالة رائعة للكاتب جموددة شديدمقالة رائعة للكاتب جموددة شديدمقالة رائعة للكاتب جموددة شديدمقالة رائعة للكاتب جموددة شديدمقالة رائعة للكاتب جموددة شديدمقالة رائعة للكاتب جموددة شديدمقالة رائعة للكاتب جموددة شديدمقالة رائعة للكاتب جموددة شديدمقالة رائعة للكاتب جموددة شديدمقالة رائعة للكاتب جموددة شديدمقالة رائعة للكاتب جموددة شديدمقالة رائعة للكاتب جموددة شديدمقالة رائعة للكاتب جموددة شديدمقالة رائعة للكاتب جموددة شديدمقالة رائعة للكاتب جموددة شديدمقالة رائعة للكاتب جموددة شديدمقالة رائعة للكاتب جموددة شديدمقالة رائعة للكاتب جموددة شديدمقالة رائعة للكاتب جموددة شديدمقالة رائعة للكاتب جموددة شديدمقالة رائعة للكاتب جموددة شديدمقالة رائعة للكاتب جموددة شديدمقالة رائعة للكاتب جموددة شديدمقالة رائعة للكاتب جموددة شديدمقالة رائعة للكاتب جموددة شديد</p>\r\n', '0000-00-00 00:00:00', '0000-00-00 00:00:00', 1, 9, 'pennding', 'allllli29.png', 0, 3),
(147, 'اففتتاح مستشفى جامعة النجاح', '<p>نابلس-&nbsp;<strong>وطن للأنباء</strong>: افتتح رئيس الوزراء رامي الحمد لله، صباح السبت، مستشفى&nbsp; &quot;النجاح الوطني التعليمي&quot; التابع لجامعة النجاح الوطنية بمحافظة نابلس.</p>\r\n\r\n<p>وقال الحمد لله في كلمة له خلال حفل الافتتاح إن مستشفى النجاح الوطني هو الأول من نوعه في فلسطين، حيث إنه يجمع بين تقديم الخدمات الطبية المتقدمة والتدريب والبحث الطبي، مما يساهم في توفير اعداد الأطباء المتخصصين في المجالات المختلفة&quot;.</p>\r\n\r\n<p>وأوضح أن المرحلة الأولى من تجهيز المستشفى بالعنصر البشري والمؤهل بأحدث التجهيزات والمرافق الطبية، تقدم طاقة عمل تقدر بـ120 سريراً، وعند الانتهاء من المرحلة النهائية في نهاية 2016 ستكون طاقة الاستيعاب 450 سريرًا.</p>\r\n\r\n<p>ويُعد المستشفى أول مستشفى تعليمي في فلسطين يجمع بين تدريب الطلبة الذين يدرسون في كلية الطب في الجامعة، وتقديم الخدمات الطبية للمواطن.</p>\r\n\r\n<p>&nbsp;</p>\r\n\r\n<p>- See more at: http://www.wattan.tv/ar/news/95231.html#sthash.9Fkw9zzL.dpuf</p>\r\n', '0000-00-00 00:00:00', '0000-00-00 00:00:00', 1, 9, 'pennding', 'allllli15.jpg', 0, 5);

-- --------------------------------------------------------

--
-- Table structure for table `slider`
--

CREATE TABLE IF NOT EXISTS `slider` (
  `id` int(11) NOT NULL AUTO_INCREMENT,
  `news_id` int(11) NOT NULL,
  `created` timestamp NOT NULL,
  `modified` timestamp NOT NULL,
  `status` text NOT NULL,
  PRIMARY KEY (`id`)
) ENGINE=InnoDB  DEFAULT CHARSET=latin1 AUTO_INCREMENT=9 ;

--
-- Dumping data for table `slider`
--

INSERT INTO `slider` (`id`, `news_id`, `created`, `modified`, `status`) VALUES
(3, 145, '0000-00-00 00:00:00', '0000-00-00 00:00:00', 'pennding'),
(4, 137, '0000-00-00 00:00:00', '0000-00-00 00:00:00', 'pennding'),
(5, 146, '0000-00-00 00:00:00', '0000-00-00 00:00:00', 'pennding'),
(6, 147, '0000-00-00 00:00:00', '0000-00-00 00:00:00', 'pennding'),
(8, 42, '0000-00-00 00:00:00', '0000-00-00 00:00:00', 'pennding');

-- --------------------------------------------------------

--
-- Table structure for table `users`
--

CREATE TABLE IF NOT EXISTS `users` (
  `id` int(11) NOT NULL AUTO_INCREMENT,
  `name` varchar(150) CHARACTER SET utf8 COLLATE utf8_bin NOT NULL,
  `phone` text COLLATE utf8_unicode_ci NOT NULL,
  `username` text COLLATE utf8_unicode_ci NOT NULL,
  `password` text COLLATE utf8_unicode_ci NOT NULL,
  `email` text COLLATE utf8_unicode_ci NOT NULL,
  `type` text COLLATE utf8_unicode_ci NOT NULL,
  `created` datetime NOT NULL,
  `modified` datetime NOT NULL,
  `status` text COLLATE utf8_unicode_ci NOT NULL,
  `user` int(11) NOT NULL,
  PRIMARY KEY (`id`),
  UNIQUE KEY `name_2` (`name`),
  KEY `name` (`name`)
) ENGINE=InnoDB  DEFAULT CHARSET=utf8 COLLATE=utf8_unicode_ci AUTO_INCREMENT=3 ;

--
-- Dumping data for table `users`
--

INSERT INTO `users` (`id`, `name`, `phone`, `username`, `password`, `email`, `type`, `created`, `modified`, `status`, `user`) VALUES
(1, 'emad', '0597720001', 'emad', 'emademad', '', '', '0000-00-00 00:00:00', '0000-00-00 00:00:00', '', 0),
(2, '', '059999', 'oday', 'odayoday', '', '', '0000-00-00 00:00:00', '0000-00-00 00:00:00', '', 0);

/*!40101 SET CHARACTER_SET_CLIENT=@OLD_CHARACTER_SET_CLIENT */;
/*!40101 SET CHARACTER_SET_RESULTS=@OLD_CHARACTER_SET_RESULTS */;
/*!40101 SET COLLATION_CONNECTION=@OLD_COLLATION_CONNECTION */;
